player_id,real_name,shirt_number,original_position,team_id,team_name,is_goalkeeper
DFL-OBJ-0002DR,Y. Sommer,27,TW,DFL-CLU-00000G,FC Bayern München,1
DFL-OBJ-0000LT,S. Ulreich,26,NA,DFL-CLU-00000G,FC Bayern München,NA
DFL-OBJ-0000RP,E. Choupo-Moting,13,STZ,DFL-CLU-00000G,FC Bayern München,0
DFL-OBJ-0000IA,T. Müller,25,ZO,DFL-CLU-00000G,FC Bayern München,0
DFL-OBJ-J00USE,D. Blind,23,NA,DFL-CLU-00000G,FC Bayern München,NA
DFL-OBJ-000191,Leon Goretzka,8,DML,DFL-CLU-00000G,FC Bayern München,0
DFL-OBJ-J0117H,S. Mané,17,NA,DFL-CLU-00000G,FC Bayern München,NA
DFL-OBJ-0027G6,Serge Gnabry,7,STZ,DFL-CLU-00000G,FC Bayern München,0
DFL-OBJ-0002F5,Joshua Kimmich,6,DMR,DFL-CLU-00000G,FC Bayern München,0
DFL-OBJ-0026PM,Kingsley Coman,11,OLM,DFL-CLU-00000G,FC Bayern München,0
DFL-OBJ-0002AU,Leroy Sané,10,ORM,DFL-CLU-00000G,FC Bayern München,0
DFL-OBJ-J015S4,Joao Cancelo,22,DLM,DFL-CLU-00000G,FC Bayern München,0
DFL-OBJ-0027KL,Dayot Upamecano,2,IVR,DFL-CLU-00000G,FC Bayern München,0
DFL-OBJ-0027G0,Benjamin Pavard,5,RV,DFL-CLU-00000G,FC Bayern München,0
DFL-OBJ-J017RE,M. de Ligt,4,IVL,DFL-CLU-00000G,FC Bayern München,0
DFL-OBJ-J01APO,N. Mazraoui,40,LV,DFL-CLU-00000G,FC Bayern München,0
DFL-OBJ-J01B8N,Ryan Gravenberch,38,DML,DFL-CLU-00000G,FC Bayern München,0
DFL-OBJ-002GIC,J. Stanišić,44,NA,DFL-CLU-00000G,FC Bayern München,NA
DFL-OBJ-002GCR,J. Musiala,42,ZO,DFL-CLU-00000G,FC Bayern München,0
DFL-OBJ-J01N65,Mathys Tel,39,STL,DFL-CLU-00000G,FC Bayern München,0
DFL-OBJ-0027AX,F. Kainz,11,ZO,DFL-CLU-000008,1. FC Köln,0
DFL-OBJ-0000M0,Timo Horn,1,NA,DFL-CLU-000008,1. FC Köln,NA
DFL-OBJ-00012X,Jonas Hector,14,LV,DFL-CLU-000008,1. FC Köln,0
DFL-OBJ-000270,D. Selke,27,STZ,DFL-CLU-000008,1. FC Köln,0
DFL-OBJ-0002HE,M. Schwäbe,20,TW,DFL-CLU-000008,1. FC Köln,1
DFL-OBJ-0002BO,B. Schmitz,2,RV,DFL-CLU-000008,1. FC Köln,0
DFL-OBJ-0027V2,K. Schindler,17,RV,DFL-CLU-000008,1. FC Köln,0
DFL-OBJ-0027B6,Timo Hübers,4,IVR,DFL-CLU-000008,1. FC Köln,0
DFL-OBJ-0026ZI,Kristian Pedersen,3,LV,DFL-CLU-000008,1. FC Köln,0
DFL-OBJ-0028BD,L. Maina,37,OLM,DFL-CLU-000008,1. FC Köln,0
DFL-OBJ-002GBW,T. Lemperle,25,STZ,DFL-CLU-000008,1. FC Köln,0
DFL-OBJ-002G89,Jan Thielmann,29,STZ,DFL-CLU-000008,1. FC Köln,0
DFL-OBJ-002G4A,Ellyes Skhiri,28,DML,DFL-CLU-000008,1. FC Köln,0
DFL-OBJ-002GLJ,D. Limnios,19,NA,DFL-CLU-000008,1. FC Köln,NA
DFL-OBJ-J01BGM,D. Ljubicic,7,ORM,DFL-CLU-000008,1. FC Köln,0
DFL-OBJ-002G0R,Luca Kilian,15,NA,DFL-CLU-000008,1. FC Köln,NA
DFL-OBJ-J01D1W,Jeff Chabot,24,IVL,DFL-CLU-000008,1. FC Köln,0
DFL-OBJ-J01DVC,D. Huseinbašić,8,ZO,DFL-CLU-000008,1. FC Köln,0
DFL-OBJ-002GKO,E. Martel,6,DMR,DFL-CLU-000008,1. FC Köln,0
DFL-OBJ-J01LJ2,Mathias Olesen,47,NA,DFL-CLU-000008,1. FC Köln,NA
DFL-OBJ-0026NY,L. Hrádecký,1,TW,DFL-CLU-00000B,Bayer 04 Leverkusen,1
DFL-OBJ-0001UP,Jonathan Tah,4,IVR,DFL-CLU-00000B,Bayer 04 Leverkusen,0
DFL-OBJ-J012D8,P. Pentz,28,NA,DFL-CLU-00000B,Bayer 04 Leverkusen,NA
DFL-OBJ-J013O2,S. Azmoun,9,STZ,DFL-CLU-00000B,Bayer 04 Leverkusen,0
DFL-OBJ-0002LI,N. Amiri,11,DML,DFL-CLU-00000B,Bayer 04 Leverkusen,0
DFL-OBJ-002G1P,D. Sinkgraven,22,NA,DFL-CLU-00000B,Bayer 04 Leverkusen,NA
DFL-OBJ-002GNP,Timothy Fosu-Mensah,24,NA,DFL-CLU-00000B,Bayer 04 Leverkusen,NA
DFL-OBJ-002G02,M. Diaby,19,OLM,DFL-CLU-00000B,Bayer 04 Leverkusen,0
DFL-OBJ-002G57,A. Azhil,32,NA,DFL-CLU-00000B,Bayer 04 Leverkusen,NA
DFL-OBJ-J01B8R,M. Bakker,5,LV,DFL-CLU-00000B,Bayer 04 Leverkusen,0
DFL-OBJ-002GAR,Edmond Tapsoba,12,IVL,DFL-CLU-00000B,Bayer 04 Leverkusen,0
DFL-OBJ-002G8H,Exequiel Palacios,25,DMR,DFL-CLU-00000B,Bayer 04 Leverkusen,0
DFL-OBJ-002GFO,A. Aourir,47,NA,DFL-CLU-00000B,Bayer 04 Leverkusen,NA
DFL-OBJ-002GH4,L. Köhl,43,NA,DFL-CLU-00000B,Bayer 04 Leverkusen,NA
DFL-OBJ-002GOI,Jeremie Frimpong,30,RV,DFL-CLU-00000B,Bayer 04 Leverkusen,0
DFL-OBJ-002GBK,Florian Wirtz,27,ZO,DFL-CLU-00000B,Bayer 04 Leverkusen,0
DFL-OBJ-J01G0J,A. Hložek,23,HR,DFL-CLU-00000B,Bayer 04 Leverkusen,0
DFL-OBJ-J01K4C,Noah Mbamba,18,DMR,DFL-CLU-00000B,Bayer 04 Leverkusen,0
DFL-OBJ-J01KDN,A. Adli,21,ORM,DFL-CLU-00000B,Bayer 04 Leverkusen,0
DFL-OBJ-J01QRV,Madi Monamay,31,NA,DFL-CLU-00000B,Bayer 04 Leverkusen,NA
DFL-OBJ-0001I0,Manuel Riemann,1,TW,DFL-CLU-00000S,VfL Bochum 1848,1
DFL-OBJ-00002Z,S. Zoller,9,RA,DFL-CLU-00000S,VfL Bochum 1848,0
DFL-OBJ-002G6G,Cristian Gamboa,2,NA,DFL-CLU-00000S,VfL Bochum 1848,NA
DFL-OBJ-00003J,M. Esser,21,NA,DFL-CLU-00000S,VfL Bochum 1848,NA
DFL-OBJ-000172,K. Stöger,7,DML,DFL-CLU-00000S,VfL Bochum 1848,0
DFL-OBJ-0000YV,P. Hofmann,33,STZ,DFL-CLU-00000S,VfL Bochum 1848,0
DFL-OBJ-0000XU,D. Heintz,30,LV,DFL-CLU-00000S,VfL Bochum 1848,0
DFL-OBJ-000199,A. Losilla,8,DMR,DFL-CLU-00000S,VfL Bochum 1848,0
DFL-OBJ-0001WB,Danilo Soares,3,NA,DFL-CLU-00000S,VfL Bochum 1848,NA
DFL-OBJ-J014F7,I. Ordets,20,IVR,DFL-CLU-00000S,VfL Bochum 1848,0
DFL-OBJ-0025J8,G. Holtmann,17,NA,DFL-CLU-00000S,VfL Bochum 1848,NA
DFL-OBJ-J016C3,S. Janko,23,RV,DFL-CLU-00000S,VfL Bochum 1848,0
DFL-OBJ-0027FG,T. Asano,11,RA,DFL-CLU-00000S,VfL Bochum 1848,0
DFL-OBJ-0027LO,P. Förster,10,ZO,DFL-CLU-00000S,VfL Bochum 1848,0
DFL-OBJ-0028NB,C. Antwi-Adjei,22,LA,DFL-CLU-00000S,VfL Bochum 1848,0
DFL-OBJ-0028D6,K. Schlotterbeck,31,LV,DFL-CLU-00000S,VfL Bochum 1848,0
DFL-OBJ-002GAV,Vasileios Lampropoulos,24,DML,DFL-CLU-00000S,VfL Bochum 1848,0
DFL-OBJ-J01AQV,M. Broschinski,29,STZ,DFL-CLU-00000S,VfL Bochum 1848,0
DFL-OBJ-002GM0,E. Mašović,4,IVL,DFL-CLU-00000S,VfL Bochum 1848,0
DFL-OBJ-002G4G,P. Osterhage,6,DML,DFL-CLU-00000S,VfL Bochum 1848,0
DFL-OBJ-00008K,R. Hennings,28,STZ,DFL-CLU-00000P,Fortuna Düsseldorf,0
DFL-OBJ-000170,R. Wolf,1,NA,DFL-CLU-00000P,Fortuna Düsseldorf,NA
DFL-OBJ-00003X,D. Ginczek,10,STZ,DFL-CLU-00000P,Fortuna Düsseldorf,0
DFL-OBJ-0000NZ,Matthias Zimmermann,25,RV,DFL-CLU-00000P,Fortuna Düsseldorf,0
DFL-OBJ-00006V,A. Hoffmann,3,IVR,DFL-CLU-00000P,Fortuna Düsseldorf,0
DFL-OBJ-0000F8,F. Klaus,11,ORM,DFL-CLU-00000P,Fortuna Düsseldorf,0
DFL-OBJ-J0130T,Jorrit Hendrix,29,DML,DFL-CLU-00000P,Fortuna Düsseldorf,0
DFL-OBJ-00028V,M. Sobottka,31,DMR,DFL-CLU-00000P,Fortuna Düsseldorf,0
DFL-OBJ-J014UG,Jordy de Wijs,30,IVL,DFL-CLU-00000P,Fortuna Düsseldorf,0
DFL-OBJ-002FXT,Dawid Kownacki,9,ZO,DFL-CLU-00000P,Fortuna Düsseldorf,0
DFL-OBJ-0026RH,E. Iyoha,19,ZO,DFL-CLU-00000P,Fortuna Düsseldorf,0
DFL-OBJ-0028FW,F. Kastenmeier,33,TW,DFL-CLU-00000P,Fortuna Düsseldorf,1
DFL-OBJ-J01CP5,N. Gavory,34,LV,DFL-CLU-00000P,Fortuna Düsseldorf,0
DFL-OBJ-002G5J,Shinta Appelkamp,23,OLM,DFL-CLU-00000P,Fortuna Düsseldorf,0
DFL-OBJ-002GMO,Tim Oberdorf,15,NA,DFL-CLU-00000P,Fortuna Düsseldorf,NA
DFL-OBJ-002GM1,Kristoffer Peterson,7,OLM,DFL-CLU-00000P,Fortuna Düsseldorf,0
DFL-OBJ-002GM9,C. Klarer,5,IVR,DFL-CLU-00000P,Fortuna Düsseldorf,0
DFL-OBJ-J01H9X,A. Tanaka,4,NA,DFL-CLU-00000P,Fortuna Düsseldorf,NA
DFL-OBJ-J01KJ5,M. Karbownik,8,NA,DFL-CLU-00000P,Fortuna Düsseldorf,NA
DFL-OBJ-J01L1F,Kwadwo Baah,14,ORM,DFL-CLU-00000P,Fortuna Düsseldorf,0
DFL-OBJ-0026UQ,L. Guwara,20,LV,DFL-CLU-000011,SSV Jahn Regensburg,0
DFL-OBJ-002651,Benedikt Gimber,5,DMR,DFL-CLU-000011,SSV Jahn Regensburg,0
DFL-OBJ-0027XP,J. Mees,29,OLM,DFL-CLU-000011,SSV Jahn Regensburg,0
DFL-OBJ-00268T,S. Breitkreuz,23,IVR,DFL-CLU-000011,SSV Jahn Regensburg,0
DFL-OBJ-0028OR,P. Owusu,9,STL,DFL-CLU-000011,SSV Jahn Regensburg,0
DFL-OBJ-0027B0,N. Shipnoski,7,ORM,DFL-CLU-000011,SSV Jahn Regensburg,0
DFL-OBJ-002GNH,D. Stojanovic,1,TW,DFL-CLU-000011,SSV Jahn Regensburg,1
DFL-OBJ-002850,A. Weidinger,32,NA,DFL-CLU-000011,SSV Jahn Regensburg,NA
DFL-OBJ-0027VS,M. Thalhammer,8,DML,DFL-CLU-000011,SSV Jahn Regensburg,0
DFL-OBJ-0027P7,C. Viet,30,ORM,DFL-CLU-000011,SSV Jahn Regensburg,0
DFL-OBJ-0028CD,C. Makridis,26,ORM,DFL-CLU-000011,SSV Jahn Regensburg,0
DFL-OBJ-002GAB,A. Yildirim,18,STZ,DFL-CLU-000011,SSV Jahn Regensburg,0
DFL-OBJ-0028SW,K. Faber,11,RV,DFL-CLU-000011,SSV Jahn Regensburg,0
DFL-OBJ-002G2Y,Andreas Albers,19,ZO,DFL-CLU-000011,SSV Jahn Regensburg,0
DFL-OBJ-J01CN9,L. Günther,27,NA,DFL-CLU-000011,SSV Jahn Regensburg,NA
DFL-OBJ-002GDZ,K. Caliskaner,10,STR,DFL-CLU-000011,SSV Jahn Regensburg,0
DFL-OBJ-002GEE,J. Elvedi,33,IVL,DFL-CLU-000011,SSV Jahn Regensburg,0
DFL-OBJ-J01FDY,M. Gouras,22,NA,DFL-CLU-000011,SSV Jahn Regensburg,NA
DFL-OBJ-002GFH,Scott Kennedy,24,LV,DFL-CLU-000011,SSV Jahn Regensburg,0
DFL-OBJ-J01D0C,N. Vukančić,47,NA,DFL-CLU-00000P,Fortuna Düsseldorf,NA
DFL-OBJ-J01JQC,D. Bunk,35,ZO,DFL-CLU-00000P,Fortuna Düsseldorf,0
DFL-OBJ-J01KE3,D. Savic,37,NA,DFL-CLU-00000P,Fortuna Düsseldorf,NA
DFL-OBJ-J01NQ8,E. Fernandes Neto,46,OLM,DFL-CLU-00000P,Fortuna Düsseldorf,0
DFL-OBJ-J01PRX,T. Geerkens,45,NA,DFL-CLU-00000P,Fortuna Düsseldorf,NA
DFL-OBJ-0028JQ,R. Munsy,9,STZ,DFL-CLU-00000Q,F.C. Hansa Rostock,0
DFL-OBJ-002FZB,M. Kolke,1,TW,DFL-CLU-00000Q,F.C. Hansa Rostock,1
DFL-OBJ-0002GW,L. Hinterseer,22,NA,DFL-CLU-00000Q,F.C. Hansa Rostock,NA
DFL-OBJ-0028IJ,P. Breier,39,OLM,DFL-CLU-00000Q,F.C. Hansa Rostock,0
DFL-OBJ-00019R,J. Verhoek,18,STL,DFL-CLU-00000Q,F.C. Hansa Rostock,0
DFL-OBJ-0001IG,N. Neidhart,7,DRM,DFL-CLU-00000Q,F.C. Hansa Rostock,0
DFL-OBJ-0001CF,T. Meißner,25,IVR,DFL-CLU-00000Q,F.C. Hansa Rostock,0
DFL-OBJ-0002IR,D. Roßbach,4,NA,DFL-CLU-00000Q,F.C. Hansa Rostock,NA
DFL-OBJ-002FXA,K. Pröger,19,STR,DFL-CLU-00000Q,F.C. Hansa Rostock,0
DFL-OBJ-J0153J,L. Scherff,20,NA,DFL-CLU-00000Q,F.C. Hansa Rostock,NA
DFL-OBJ-0025BB,Lukas Fröde,34,IVZ,DFL-CLU-00000Q,F.C. Hansa Rostock,0
DFL-OBJ-00264V,Nils Körber,23,NA,DFL-CLU-00000Q,F.C. Hansa Rostock,NA
DFL-OBJ-0026ZT,Anderson Lucoqui,21,DLM,DFL-CLU-00000Q,F.C. Hansa Rostock,0
DFL-OBJ-J0196K,D. Dressel,6,DMZ,DFL-CLU-00000Q,F.C. Hansa Rostock,0
DFL-OBJ-00286X,R. van Drongelen,5,IVL,DFL-CLU-00000Q,F.C. Hansa Rostock,0
DFL-OBJ-0028KZ,Frederic Ananou,27,IVR,DFL-CLU-00000Q,F.C. Hansa Rostock,0
DFL-OBJ-002GLL,Svante Ingelsson,14,HL,DFL-CLU-00000Q,F.C. Hansa Rostock,0
DFL-OBJ-J01GG9,D. Lee,17,HL,DFL-CLU-00000Q,F.C. Hansa Rostock,0
DFL-OBJ-J01KGY,S. Thill,29,HR,DFL-CLU-00000Q,F.C. Hansa Rostock,0
DFL-OBJ-J01MF0,Nils Fröling,15,ORM,DFL-CLU-00000Q,F.C. Hansa Rostock,0
DFL-OBJ-0001BX,E. Valentini,22,RV,DFL-CLU-000005,1. FC Nürnberg,0
DFL-OBJ-00008F,Christopher Schindler,16,IVR,DFL-CLU-000005,1. FC Nürnberg,0
DFL-OBJ-0000EJ,J. Geis,5,DMZ,DFL-CLU-000005,1. FC Nürnberg,0
DFL-OBJ-0001HW,C. Mathenia,26,TW,DFL-CLU-000005,1. FC Nürnberg,1
DFL-OBJ-0001LJ,Jan Gyamerah,28,RV,DFL-CLU-000005,1. FC Nürnberg,0
DFL-OBJ-00265W,P. Köpke,20,NA,DFL-CLU-000005,1. FC Nürnberg,NA
DFL-OBJ-002595,M. Møller Dæhli,10,OLM,DFL-CLU-000005,1. FC Nürnberg,0
DFL-OBJ-002G5E,C. Klaus,1,NA,DFL-CLU-000005,1. FC Nürnberg,NA
DFL-OBJ-0026IA,E. Wekesser,13,OLM,DFL-CLU-000005,1. FC Nürnberg,0
DFL-OBJ-00286U,Manuel Wintzheimer,18,HL,DFL-CLU-000005,1. FC Nürnberg,0
DFL-OBJ-J0178P,Kwadwo Duah,23,STR,DFL-CLU-000005,1. FC Nürnberg,0
DFL-OBJ-0028BZ,C. Daferner,33,STL,DFL-CLU-000005,1. FC Nürnberg,0
DFL-OBJ-0028T3,L. Tempelmann,6,ZO,DFL-CLU-000005,1. FC Nürnberg,0
DFL-OBJ-002G68,James Lawrence,4,IVL,DFL-CLU-000005,1. FC Nürnberg,0
DFL-OBJ-002FYC,F. Nürnberger,15,LV,DFL-CLU-000005,1. FC Nürnberg,0
DFL-OBJ-002G78,L. Schleimer,36,STR,DFL-CLU-000005,1. FC Nürnberg,0
DFL-OBJ-002GG4,J. Castrop,17,ORM,DFL-CLU-000005,1. FC Nürnberg,0
DFL-OBJ-002GLC,E. Shuranov,11,NA,DFL-CLU-000005,1. FC Nürnberg,NA
DFL-OBJ-J01IUM,Bryang Kayo,34,NA,DFL-CLU-000005,1. FC Nürnberg,NA
DFL-OBJ-J01K2L,S. Fofana,3,DMZ,DFL-CLU-000005,1. FC Nürnberg,0
DFL-OBJ-00005H,A. Bodzek,13,DMR,DFL-CLU-00000P,Fortuna Düsseldorf,0
DFL-OBJ-J01CVM,M. Mansfeld,44,NA,DFL-CLU-00000P,Fortuna Düsseldorf,NA
DFL-OBJ-J01OYT,B. Böckle,22,NA,DFL-CLU-00000P,Fortuna Düsseldorf,NA
DFL-OBJ-0000S8,S. Burchert,30,NA,DFL-CLU-00000H,FC St. Pauli,NA
DFL-OBJ-0027W9,Luca Zander,19,RV,DFL-CLU-00000H,FC St. Pauli,0
DFL-OBJ-0002EL,L. Paqarada,23,DLM,DFL-CLU-00000H,FC St. Pauli,0
DFL-OBJ-J014L2,Jackson Irvine,7,HR,DFL-CLU-00000H,FC St. Pauli,0
DFL-OBJ-J0157X,M. Saliakas,2,DRM,DFL-CLU-00000H,FC St. Pauli,0
DFL-OBJ-0026V5,M. Hartel,10,HL,DFL-CLU-00000H,FC St. Pauli,0
DFL-OBJ-0027AY,J. Eggestein,11,OLM,DFL-CLU-00000H,FC St. Pauli,0
DFL-OBJ-0027UQ,L. Ritzka,21,NA,DFL-CLU-00000H,FC St. Pauli,NA
DFL-OBJ-0027QN,Lukas Daschner,13,STR,DFL-CLU-00000H,FC St. Pauli,0
DFL-OBJ-0028HW,D. Otto,27,STZ,DFL-CLU-00000H,FC St. Pauli,0
DFL-OBJ-0028LZ,N. Vasilj,22,TW,DFL-CLU-00000H,FC St. Pauli,1
DFL-OBJ-002FZR,E. Amenyido,14,STL,DFL-CLU-00000H,FC St. Pauli,0
DFL-OBJ-0028SU,Carlo Boukhalfa,16,NA,DFL-CLU-00000H,FC St. Pauli,NA
DFL-OBJ-002GND,M. Beifus,15,NA,DFL-CLU-00000H,FC St. Pauli,NA
DFL-OBJ-002GNL,Eric Smith,8,IVZ,DFL-CLU-00000H,FC St. Pauli,0
DFL-OBJ-002GIY,Afeez Aremu,20,DMZ,DFL-CLU-00000H,FC St. Pauli,0
DFL-OBJ-002GMV,I. Matanović,34,ORM,DFL-CLU-00000H,FC St. Pauli,0
DFL-OBJ-002GN4,A. Dźwigała,25,IVR,DFL-CLU-00000H,FC St. Pauli,0
DFL-OBJ-J01HCH,Connor Metcalfe,24,ORM,DFL-CLU-00000H,FC St. Pauli,0
DFL-OBJ-J01PRP,B. Fazliji,5,IVL,DFL-CLU-00000H,FC St. Pauli,0
DFL-OBJ-0025YM,M. Wunderlich,28,ZO,DFL-CLU-00000I,1. FC Kaiserslautern,0
DFL-OBJ-00003W,A. Luthe,1,TW,DFL-CLU-00000I,1. FC Kaiserslautern,1
DFL-OBJ-0000F9,K. Kraus,5,IVL,DFL-CLU-00000I,1. FC Kaiserslautern,0
DFL-OBJ-00017G,P. Klement,10,ZO,DFL-CLU-00000I,1. FC Kaiserslautern,0
DFL-OBJ-0028PO,B. Zolinski,31,NA,DFL-CLU-00000I,1. FC Kaiserslautern,NA
DFL-OBJ-0000YE,Terrence Boyd,13,STZ,DFL-CLU-00000I,1. FC Kaiserslautern,0
DFL-OBJ-00021G,E. Durm,37,RV,DFL-CLU-00000I,1. FC Kaiserslautern,0
DFL-OBJ-00265G,Kenny Prince Redondo,11,OLM,DFL-CLU-00000I,1. FC Kaiserslautern,0
DFL-OBJ-0001ZY,J. Zimmer,8,ORM,DFL-CLU-00000I,1. FC Kaiserslautern,0
DFL-OBJ-0002DT,Marlon Ritter,7,DMR,DFL-CLU-00000I,1. FC Kaiserslautern,0
DFL-OBJ-002G9B,A. Spahic,30,NA,DFL-CLU-00000I,1. FC Kaiserslautern,NA
DFL-OBJ-00265D,Philipp Hercher,23,NA,DFL-CLU-00000I,1. FC Kaiserslautern,NA
DFL-OBJ-0026MI,Dominik Schad,20,LV,DFL-CLU-00000I,1. FC Kaiserslautern,0
DFL-OBJ-0026WW,R. Bormuth,32,IVR,DFL-CLU-00000I,1. FC Kaiserslautern,0
DFL-OBJ-0028GO,H. Çiftçi,6,DML,DFL-CLU-00000I,1. FC Kaiserslautern,0
DFL-OBJ-002GEO,L. Bünning,22,NA,DFL-CLU-00000I,1. FC Kaiserslautern,NA
DFL-OBJ-002GPN,B. Tomiak,2,IVL,DFL-CLU-00000I,1. FC Kaiserslautern,0
DFL-OBJ-0028G2,Aaron Opoku,25,ORM,DFL-CLU-00000I,1. FC Kaiserslautern,0
DFL-OBJ-002G0F,Daniel Hanslik,19,OLM,DFL-CLU-00000I,1. FC Kaiserslautern,0
DFL-OBJ-002GPI,L. Lobinger,27,STZ,DFL-CLU-00000I,1. FC Kaiserslautern,0
